{
	"appId": "com.example.app",
	"appName": "airqo",
	"webDir": "www",
	"bundledWebRuntime": false,
	"cordova": {
		"preferences": {
			"ScrollEnabled": "false",
			"android-minSdkVersion": "19",
			"BackupWebStorage": "none",
			"SplashMaintainAspectRatio": "true",
			"ShowSplashScreen": "true",
			"FadeSplashScreen": "true",
			"FadeSplashScreenDuration": "3000",
			"ShowSplashScreenSpinner": "true",
			"SplashShowOnlyFirstTime": "false",
			"SplashScreen": "screen",
			"SplashScreenDelay": "3000"
		}
	}
}
